{
  "rel": [
    0.4962613847796934,
    0.6210473553670153,
    0.4860581265238275
  ],
  "maxPairCos": 0.6381131793455678,
  "spec": [
    true,
    true,
    true
  ],
  "pass": true
}