{
  "rel": [
    0.5123187593484395,
    0.4767556766636671,
    0.45774528660555325
  ],
  "maxPairCos": 0.5988050521211121,
  "spec": [
    true,
    true,
    true
  ],
  "pass": true
}