{
  "rel": [
    0.5986969037762839,
    0.49765824440759004,
    0.5422475094583022
  ],
  "maxPairCos": 0.6056599269312852,
  "spec": [
    true,
    true,
    true
  ],
  "pass": true
}