{
  "rel": [
    0.460022186354004,
    0.4584618004343592,
    0.5609103175907323
  ],
  "maxPairCos": 0.5187331940796951,
  "spec": [
    true,
    true,
    true
  ],
  "pass": true
}