{
  "rel": [
    0.49808218865217296,
    0.4923365204093866,
    0.48987414398094714
  ],
  "maxPairCos": 0.6206386566187321,
  "spec": [
    true,
    true,
    true
  ],
  "pass": true
}