{
  "rel": [
    0.5612431039600619,
    0.5707679303464627,
    0.5520136918414297
  ],
  "maxPairCos": 0.5558795201559193,
  "spec": [
    true,
    true,
    true
  ],
  "pass": true
}