{
  "rel": [
    0.571437949459245,
    0.4654964407453459,
    0.4610341105099282
  ],
  "maxPairCos": 0.5265321725280119,
  "spec": [
    true,
    true,
    true
  ],
  "pass": true
}