{
  "rel": [
    0.5981697250849646,
    0.477030275634939,
    0.5097634210025077
  ],
  "maxPairCos": 0.5549032669530898,
  "spec": [
    true,
    true,
    true
  ],
  "pass": true
}