{
  "rel": [
    0.46238896479404723,
    0.45456342091109453,
    0.5069655964834527
  ],
  "maxPairCos": 0.7816372132876266,
  "spec": [
    true,
    true,
    true
  ],
  "pass": true
}