{
  "rel": [
    0.5519622942543894,
    0.5070115711937889,
    0.4959737201277216
  ],
  "maxPairCos": 0.6465288286601646,
  "spec": [
    true,
    true,
    true
  ],
  "pass": true
}