{
  "rel": [
    0.6101727705993717,
    0.4948807361535047,
    0.5297755009580741
  ],
  "maxPairCos": 0.7963608803266196,
  "spec": [
    true,
    true,
    true
  ],
  "pass": true
}