{
  "rel": [
    0.4738027232239125,
    0.4755536356129602,
    0.4598376474054404
  ],
  "maxPairCos": 0.5675080435791063,
  "spec": [
    true,
    true,
    true
  ],
  "pass": true
}