{
  "rel": [
    0.47540241916761655,
    0.46288613670440515,
    0.5063593536921966
  ],
  "maxPairCos": 0.4249362850700797,
  "spec": [
    true,
    true,
    true
  ],
  "pass": true
}