{
  "rel": [
    0.5396261708201537,
    0.514782253316858,
    0.5027329304423205
  ],
  "maxPairCos": 0.6315253326720819,
  "spec": [
    true,
    true,
    true
  ],
  "pass": true
}