{
  "rel": [
    0.5214403179506469,
    0.48379062030473274,
    0.5877943297850592
  ],
  "maxPairCos": 0.5541979407722069,
  "spec": [
    true,
    true,
    true
  ],
  "pass": true
}