{
  "rel": [
    0.4725572789347745,
    0.4647562021581381,
    0.5125393563999338
  ],
  "maxPairCos": 0.6458133886723674,
  "spec": [
    true,
    true,
    true
  ],
  "pass": true
}