{
  "rel": [
    0.6683381631132409,
    0.6272483860031416,
    0.5843221127363567
  ],
  "maxPairCos": 0.701256648975567,
  "spec": [
    true,
    true,
    true
  ],
  "pass": true
}