{
  "rel": [
    0.5324983276982996,
    0.46004355725865603,
    0.5744817439212395
  ],
  "maxPairCos": 0.5371810151581803,
  "spec": [
    true,
    true,
    true
  ],
  "pass": true
}