{
  "rel": [
    0.4568062731686706,
    0.5525755056093961,
    0.5746660086704045
  ],
  "maxPairCos": 0.6624716385327621,
  "spec": [
    true,
    true,
    true
  ],
  "pass": true
}