{
  "rel": [
    0.46586671705028265,
    0.6188387074405467,
    0.49462913903555766
  ],
  "maxPairCos": 0.6056251723534938,
  "spec": [
    true,
    true,
    true
  ],
  "pass": true
}