{
  "rel": [
    0.5985836539173385,
    0.503080570813198,
    0.5321858789818356
  ],
  "maxPairCos": 0.5285027279155555,
  "spec": [
    true,
    true,
    true
  ],
  "pass": true
}