{
  "rel": [
    0.568249516290939,
    0.5220622806143065,
    0.5572765270363043
  ],
  "maxPairCos": 0.5292134173987324,
  "spec": [
    true,
    true,
    true
  ],
  "pass": true
}