{
  "rel": [
    0.5090327937463739,
    0.5339224104901598,
    0.6212013650064161
  ],
  "maxPairCos": 0.5942464235867195,
  "spec": [
    true,
    true,
    true
  ],
  "pass": true
}