{
  "rel": [
    0.5145141841052041,
    0.4603961342244811,
    0.47993738967474
  ],
  "maxPairCos": 0.5967124874608597,
  "spec": [
    true,
    true,
    true
  ],
  "pass": true
}