{
  "rel": [
    0.45204011446844333,
    0.46209854258635624,
    0.4866741729866046
  ],
  "maxPairCos": 0.5988365079330087,
  "spec": [
    true,
    true,
    true
  ],
  "pass": true
}