{
  "rel": [
    0.4646677676105571,
    0.49016669922377937,
    0.4951105897703018
  ],
  "maxPairCos": 0.6135268738401298,
  "spec": [
    true,
    true,
    true
  ],
  "pass": true
}