{
  "rel": [
    0.4636977127513782,
    0.47977081981510195,
    0.47905636864016415
  ],
  "maxPairCos": 0.4588147139821561,
  "spec": [
    true,
    true,
    true
  ],
  "pass": true
}