{
  "rel": [
    0.5009296980558233,
    0.5130038021562535,
    0.4731669545236273
  ],
  "maxPairCos": 0.6063780907919428,
  "spec": [
    true,
    true,
    true
  ],
  "pass": true
}