{
  "rel": [
    0.4506611505220174,
    0.6045581484134751,
    0.6150166594090072
  ],
  "maxPairCos": 0.7388011621348274,
  "spec": [
    true,
    true,
    true
  ],
  "pass": true
}