{
  "rel": [
    0.5230925273418872,
    0.6642372713265732,
    0.5033265678237746
  ],
  "maxPairCos": 0.6149962816841207,
  "spec": [
    true,
    true,
    true
  ],
  "pass": true
}