{
  "rel": [
    0.5172963838797895,
    0.5305391540275228,
    0.4941193667782708
  ],
  "maxPairCos": 0.7284537940908554,
  "spec": [
    true,
    true,
    true
  ],
  "pass": true
}