{
  "rel": [
    0.4644457664794164,
    0.5243286526969815,
    0.4586460553124639
  ],
  "maxPairCos": 0.7742502974063654,
  "spec": [
    true,
    true,
    true
  ],
  "pass": true
}