{
  "rel": [
    0.5981692211495473,
    0.5117884707796588,
    0.47704709840553106
  ],
  "maxPairCos": 0.5503573261184849,
  "spec": [
    true,
    true,
    true
  ],
  "pass": true
}