{
  "rel": [
    0.6985849581910205,
    0.6359296549328155,
    0.5666823099582663
  ],
  "maxPairCos": 0.6608566721691215,
  "spec": [
    true,
    true,
    true
  ],
  "pass": true
}