{
  "rel": [
    0.5981076604638543,
    0.5032523433525625,
    0.477022614705756
  ],
  "maxPairCos": 0.4564754643265109,
  "spec": [
    true,
    true,
    true
  ],
  "pass": true
}