{
  "rel": [
    0.5673050372860177,
    0.5020280980777392,
    0.47363052278912426
  ],
  "maxPairCos": 0.4465744275076592,
  "spec": [
    true,
    true,
    true
  ],
  "pass": true
}