{
  "rel": [
    0.481090261272207,
    0.47977817704282305,
    0.5128152276407144
  ],
  "maxPairCos": 0.7881263385190418,
  "spec": [
    true,
    true,
    true
  ],
  "pass": true
}