{
  "rel": [
    0.49715716776324315,
    0.527091563447071,
    0.5139125061366614
  ],
  "maxPairCos": 0.6689360343383616,
  "spec": [
    true,
    true,
    true
  ],
  "pass": true
}