{
  "rel": [
    0.47784750064032006,
    0.4608916287857444,
    0.5483430972687654
  ],
  "maxPairCos": 0.53762918008382,
  "spec": [
    true,
    true,
    true
  ],
  "pass": true
}