{
  "rel": [
    0.573786597929782,
    0.5258131194328038,
    0.46843624424246094
  ],
  "maxPairCos": 0.5943720906045826,
  "spec": [
    true,
    true,
    true
  ],
  "pass": true
}