{
  "rel": [
    0.5608243938713656,
    0.4804674234482939,
    0.47597464413788715
  ],
  "maxPairCos": 0.6361664345585796,
  "spec": [
    true,
    true,
    true
  ],
  "pass": true
}