{
  "rel": [
    0.5814152480037024,
    0.470248983033329,
    0.4529327198655157
  ],
  "maxPairCos": 0.5904749221724034,
  "spec": [
    true,
    true,
    true
  ],
  "pass": true
}