{
  "rel": [
    0.5197811720118022,
    0.5287612208738045,
    0.5359744224635785
  ],
  "maxPairCos": 0.5889032237572496,
  "spec": [
    true,
    true,
    true
  ],
  "pass": true
}