{
  "rel": [
    0.5150892002158535,
    0.4505296088222003,
    0.46756283980391483
  ],
  "maxPairCos": 0.6023048370377816,
  "spec": [
    true,
    true,
    true
  ],
  "pass": true
}