{
  "rel": [
    0.4696365749627379,
    0.5322111039929549,
    0.48902941857896554
  ],
  "maxPairCos": 0.6286321589450645,
  "spec": [
    true,
    true,
    true
  ],
  "pass": true
}