{
  "rel": [
    0.5730877709489377,
    0.5121581192680178,
    0.5452451460212672
  ],
  "maxPairCos": 0.6360820175643491,
  "spec": [
    true,
    true,
    true
  ],
  "pass": true
}