{
  "rel": [
    0.4948544040705787,
    0.49271251449086695,
    0.5168902548262354
  ],
  "maxPairCos": 0.40243841733938474,
  "spec": [
    true,
    true,
    true
  ],
  "pass": true
}