{
  "rel": [
    0.4512250993418184,
    0.6811666962344891,
    0.6071582311088027
  ],
  "maxPairCos": 0.6932590030437299,
  "spec": [
    true,
    true,
    true
  ],
  "pass": true
}