{
  "rel": [
    0.478953303367075,
    0.5466393429936188,
    0.5947294922135671
  ],
  "maxPairCos": 0.720106331656915,
  "spec": [
    true,
    true,
    true
  ],
  "pass": true
}