{
  "rel": [
    0.5579625107597327,
    0.6586399130230367,
    0.5220749543472964
  ],
  "maxPairCos": 0.629981299549669,
  "spec": [
    true,
    true,
    true
  ],
  "pass": true
}