{
  "rel": [
    0.5150119757448615,
    0.4500122554038847,
    0.548337944541919
  ],
  "maxPairCos": 0.6529120702227551,
  "spec": [
    true,
    true,
    true
  ],
  "pass": true
}