{
  "rel": [
    0.45970851732770257,
    0.4509713493910103,
    0.4611616493152968
  ],
  "maxPairCos": 0.5044944159388078,
  "spec": [
    true,
    true,
    true
  ],
  "pass": true
}