{
  "rel": [
    0.6137679589283893,
    0.452320995488361,
    0.5193418224999288
  ],
  "maxPairCos": 0.558305648161219,
  "spec": [
    true,
    true,
    true
  ],
  "pass": true
}