{
  "rel": [
    0.5509786567300525,
    0.4819721401238605,
    0.5160382743526416
  ],
  "maxPairCos": 0.5792048595665913,
  "spec": [
    true,
    true,
    true
  ],
  "pass": true
}