{
  "rel": [
    0.493651960292864,
    0.4708331203290253,
    0.503845004797301
  ],
  "maxPairCos": 0.5756719229794839,
  "spec": [
    true,
    true,
    true
  ],
  "pass": true
}