{
  "rel": [
    0.4282066738353327,
    0.38552066841797483,
    0.4878694807678712
  ],
  "maxPairCos": 0.619783142170303,
  "spec": [
    true,
    true,
    true
  ],
  "pass": true
}