{
  "rel": [
    0.4623822152522391,
    0.4466055105362746,
    0.6321855597021023
  ],
  "maxPairCos": 0.5971091200888833,
  "spec": [
    true,
    true,
    true
  ],
  "pass": true
}