{
  "rel": [
    0.4367031498088639,
    0.4262347984627721,
    0.4156301880020166
  ],
  "maxPairCos": 0.6280384990117309,
  "spec": [
    true,
    true,
    true
  ],
  "pass": true
}