{
  "rel": [
    0.5325576615002541,
    0.509952175361598,
    0.31479227925729864
  ],
  "maxPairCos": 0.7541328036206393,
  "spec": [
    true,
    true,
    true
  ],
  "pass": false
}