{
  "rel": [
    0.5554643620980447,
    0.5180735721365738,
    0.45926033724398
  ],
  "maxPairCos": 0.44942401073453564,
  "spec": [
    true,
    true,
    true
  ],
  "pass": true
}