{
  "rel": [
    0.49691115432819566,
    0.5026515404666532,
    0.4851869543315234
  ],
  "maxPairCos": 0.5218634495061977,
  "spec": [
    true,
    true,
    true
  ],
  "pass": true
}