{
  "rel": [
    0.5338689312278033,
    0.5540077384536524,
    0.5391754602289888
  ],
  "maxPairCos": 0.5666992013269817,
  "spec": [
    true,
    true,
    true
  ],
  "pass": true
}