{
  "rel": [
    0.4956261343224653,
    0.5067397392368979,
    0.509379893424809
  ],
  "maxPairCos": 0.5059463108350859,
  "spec": [
    true,
    true,
    true
  ],
  "pass": true
}