{
  "rel": [
    0.518019769356026,
    0.45415009974639464,
    0.535043539587816
  ],
  "maxPairCos": 0.5906089167687666,
  "spec": [
    true,
    true,
    true
  ],
  "pass": true
}