{
  "rel": [
    0.47372963798183926,
    0.502168886303056,
    0.5347617046229902
  ],
  "maxPairCos": 0.5489000215917058,
  "spec": [
    true,
    true,
    true
  ],
  "pass": true
}