{
  "rel": [
    0.5278543476218778,
    0.4798923543689075,
    0.6868122368155107
  ],
  "maxPairCos": 0.5879040048062321,
  "spec": [
    true,
    true,
    true
  ],
  "pass": true
}