{
  "rel": [
    0.4626344865572035,
    0.4586151370554057,
    0.580648017836501
  ],
  "maxPairCos": 0.5966287131920949,
  "spec": [
    true,
    true,
    true
  ],
  "pass": true
}