{
  "rel": [
    0.571992978375888,
    0.4985721522335778,
    0.4717145441142326
  ],
  "maxPairCos": 0.4983754116582405,
  "spec": [
    true,
    true,
    true
  ],
  "pass": true
}