{
  "rel": [
    0.4755193476754366,
    0.4610467138862226,
    0.4332867033820691
  ],
  "maxPairCos": 0.5931464710900435,
  "spec": [
    true,
    true,
    true
  ],
  "pass": true
}