{
  "rel": [
    0.5591706869815829,
    0.5132066501975502,
    0.5055536825677344
  ],
  "maxPairCos": 0.5214171294173218,
  "spec": [
    true,
    true,
    true
  ],
  "pass": true
}