{
  "rel": [
    0.6265253967281954,
    0.502139219447363,
    0.4720690969499845
  ],
  "maxPairCos": 0.6298049544763139,
  "spec": [
    true,
    true,
    true
  ],
  "pass": true
}