{
  "rel": [
    0.4857391484271238,
    0.4549434229887517,
    0.47915031401377445
  ],
  "maxPairCos": 0.6913403674442811,
  "spec": [
    true,
    true,
    true
  ],
  "pass": true
}