{
  "rel": [
    0.5560300787345537,
    0.5061802840004643,
    0.4825642273425599
  ],
  "maxPairCos": 0.5810358623990686,
  "spec": [
    true,
    true,
    true
  ],
  "pass": true
}