{
  "rel": [
    0.4675929366480258,
    0.5804751163771632,
    0.6818864866723024
  ],
  "maxPairCos": 0.7801265687863758,
  "spec": [
    true,
    true,
    true
  ],
  "pass": true
}