{
  "rel": [
    0.6164361548285224,
    0.5056531695095298,
    0.589404747088457
  ],
  "maxPairCos": 0.7587894204371303,
  "spec": [
    true,
    true,
    true
  ],
  "pass": true
}