{
  "rel": [
    0.5438558231463775,
    0.5619945408961975,
    0.5189632345083631
  ],
  "maxPairCos": 0.7907990202802798,
  "spec": [
    true,
    true,
    true
  ],
  "pass": true
}