{
  "rel": [
    0.5981311405971822,
    0.477030275634939,
    0.5265698754220686
  ],
  "maxPairCos": 0.5714977488584925,
  "spec": [
    true,
    true,
    true
  ],
  "pass": true
}