{
  "rel": [
    0.47729168047926956,
    0.5096387246025122,
    0.45120516419590334
  ],
  "maxPairCos": 0.7298592160631004,
  "spec": [
    true,
    true,
    true
  ],
  "pass": true
}