{
  "rel": [
    0.6167640558569651,
    0.5084249905063108,
    0.5018459652745139
  ],
  "maxPairCos": 0.599915523785852,
  "spec": [
    true,
    true,
    true
  ],
  "pass": true
}