{
  "rel": [
    0.5226892843182877,
    0.45117389291082144,
    0.464123985170588
  ],
  "maxPairCos": 0.4606744139510248,
  "spec": [
    true,
    true,
    true
  ],
  "pass": true
}