{
  "rel": [
    0.535674513276081,
    0.4910383086808826,
    0.4866244861174268
  ],
  "maxPairCos": 0.5949224008638343,
  "spec": [
    true,
    true,
    true
  ],
  "pass": true
}