{
  "rel": [
    0.5139696238593685,
    0.549124704357554,
    0.5970423089000084
  ],
  "maxPairCos": 0.5721271092431972,
  "spec": [
    true,
    true,
    true
  ],
  "pass": true
}