{
  "rel": [
    0.5938781907754974,
    0.6071557885146729,
    0.5586351813973989
  ],
  "maxPairCos": 0.6234071493964854,
  "spec": [
    true,
    true,
    true
  ],
  "pass": true
}