{
  "rel": [
    0.5709208565485593,
    0.6220529820826948,
    0.6031630101166496
  ],
  "maxPairCos": 0.6680537610983882,
  "spec": [
    true,
    true,
    true
  ],
  "pass": true
}