{
  "rel": [
    0.6479404629200246,
    0.4959091110944781,
    0.4987198579527747
  ],
  "maxPairCos": 0.5136843792036936,
  "spec": [
    true,
    true,
    true
  ],
  "pass": true
}