{
  "rel": [
    0.5626036160020821,
    0.5127962001814553,
    0.6578912614969662
  ],
  "maxPairCos": 0.5203364647176075,
  "spec": [
    true,
    true,
    true
  ],
  "pass": true
}