{
  "rel": [
    0.5329989744378043,
    0.5029789373373665,
    0.45176023376627045
  ],
  "maxPairCos": 0.5935173666631419,
  "spec": [
    true,
    true,
    true
  ],
  "pass": true
}