{
  "rel": [
    0.5415834594231522,
    0.4549673548214424,
    0.4780738380174591
  ],
  "maxPairCos": 0.6459783225026229,
  "spec": [
    true,
    true,
    true
  ],
  "pass": true
}