{
  "rel": [
    0.45417215565640223,
    0.4909162211128317,
    0.4996769894713901
  ],
  "maxPairCos": 0.6883998070336929,
  "spec": [
    true,
    true,
    true
  ],
  "pass": true
}