{
  "rel": [
    0.5004945771887179,
    0.47635297273347377,
    0.4887985499786467
  ],
  "maxPairCos": 0.6861321169843927,
  "spec": [
    true,
    true,
    true
  ],
  "pass": true
}