{
  "rel": [
    0.5374791289262721,
    0.4752656232852067,
    0.46160221833270193
  ],
  "maxPairCos": 0.7105281626279437,
  "spec": [
    true,
    true,
    true
  ],
  "pass": true
}