{
  "rel": [
    0.5108737767479763,
    0.46956696308963447,
    0.4586460294685339
  ],
  "maxPairCos": 0.7596158616272313,
  "spec": [
    true,
    true,
    true
  ],
  "pass": true
}