{
  "rel": [
    0.5055555987918174,
    0.4833527069220444,
    0.5003408949792341
  ],
  "maxPairCos": 0.39842026421353743,
  "spec": [
    true,
    true,
    true
  ],
  "pass": true
}