{
  "rel": [
    0.5065148928201285,
    0.5364513726197119,
    0.47326822543684727
  ],
  "maxPairCos": 0.6292433588917568,
  "spec": [
    true,
    true,
    true
  ],
  "pass": true
}