{
  "rel": [
    0.5895620908885882,
    0.48514343330042026,
    0.45613148621597616
  ],
  "maxPairCos": 0.6385482159084782,
  "spec": [
    true,
    true,
    true
  ],
  "pass": true
}