{
  "rel": [
    0.5633972835736769,
    0.5037505052530553,
    0.46443227879764937
  ],
  "maxPairCos": 0.6316425128994244,
  "spec": [
    true,
    true,
    true
  ],
  "pass": true
}