{
  "rel": [
    0.5037740290865131,
    0.5103250386678797,
    0.6580460524480213
  ],
  "maxPairCos": 0.49141001608776275,
  "spec": [
    true,
    true,
    true
  ],
  "pass": true
}