{
  "rel": [
    0.5759709318336561,
    0.48308272341806363,
    0.5152242155571248
  ],
  "maxPairCos": 0.6652858183478217,
  "spec": [
    true,
    true,
    true
  ],
  "pass": true
}