{
  "rel": [
    0.5242628753389336,
    0.5178333468034213,
    0.4974889338541203
  ],
  "maxPairCos": 0.5864127426579812,
  "spec": [
    true,
    true,
    true
  ],
  "pass": true
}