{
  "rel": [
    0.4705599673802812,
    0.45333882061387587,
    0.43614970000447784
  ],
  "maxPairCos": 0.6315794338185575,
  "spec": [
    true,
    true,
    true
  ],
  "pass": true
}