{
  "rel": [
    0.5141800932403049,
    0.45120642244608505,
    0.5653569375986383
  ],
  "maxPairCos": 0.6697579310916161,
  "spec": [
    true,
    true,
    true
  ],
  "pass": true
}