{
  "rel": [
    0.5267036213388286,
    0.49029553998627334,
    0.5318219677354398
  ],
  "maxPairCos": 0.5687502043595313,
  "spec": [
    true,
    true,
    true
  ],
  "pass": true
}