{
  "rel": [
    0.5419914786653832,
    0.5133742980466203,
    0.4843626865580241
  ],
  "maxPairCos": 0.6436890954906022,
  "spec": [
    true,
    true,
    true
  ],
  "pass": true
}