{
  "rel": [
    0.5111222263876832,
    0.455706272722739,
    0.4531651798459412
  ],
  "maxPairCos": 0.5595356299080717,
  "spec": [
    true,
    true,
    true
  ],
  "pass": true
}