{
  "rel": [
    0.50890562375272,
    0.473207382829144,
    0.466126054692504
  ],
  "maxPairCos": 0.661693300780832,
  "spec": [
    true,
    true,
    true
  ],
  "pass": true
}