{
  "rel": [
    0.5133986820943996,
    0.4915562701171626,
    0.48345292288309016
  ],
  "maxPairCos": 0.5074760009751117,
  "spec": [
    true,
    true,
    true
  ],
  "pass": true
}